vendor_raw,brand
A&P,A&P
AIRHOGS,AIRHOGS
AQUAMAN,AQUAMAN
BARBIE,BARBIE
BARBIEFF,BARBIE
BARBIELIFE,BARBIE
BARBIEPRNCS,BARBIE
BAT SM,BAT SM
BATTLENOX,BATTLENOX
BLAZE,BLAZE
BLOKUS,BLOKUS
BLUME,BLUME
BRBESTATE,BARBIE
BRBFAMILY,BARBIE
BTS,BTS
CARS,CARS
COCOMAS,COCOMAS
COLORWONDER,CRAYOLA
CRASHEMS,CRASHEMS
CRAYOLA,CRAYOLA
CREATIVEEXP,CRAYOLA
CUPCAKE,CUPCAKE
DCOCONUT,DCOCONUT
DC-SUPERHERO,DC-SUPERHERO
DCU,DCU
DCU SM,DCU SM
DINOTRUX,DINOTRUX
DNPRINCESS,DNPRINCESS
DWD,DWD
DWD3,DWD
EARLYSTART,CRAYOLA
EDUCATION,EDUCATION
EMCO,EMCO
EMWAY,EMWAY
ENCHANTIMALS,ENCHANTIMALS
FANTASTIC,FANTASTIC
FAST&FURIOUS,HOTWHEELS
FERRARI,HOTWHEELS
FISHERPRICE,FISHERPRICE
FPBABYGEAR,FPBABYGEAR
GAMES,GAMES
GELATEENZ,GELATEENZ
HAIRDORABLES,HAIRDORABLES
HARRY POTTER,HARRY POTTER
HATCHIMALS,HATCHIMALS
HOTWHEELS,HOTWHEELS
HW100%,HW100%
HWBS,HOTWHEELS
HWDC,HOTWHEELS
HWMARVEL,HOTWHEELS
HWMINECRAFT,HOTWHEELS
HWSW,HOTWHEELS
INTEK,INTEK
JURASSICWRLD,JURASSICWRLD
JUSTICELEAG,JUSTICELEAG
KINETICSAND,KINETICSAND
LALABOOM,LALABOOM
LITTLE PEOPLE,LITTLE PEOPLE
MAGICOFCOLOR,MAGICOFCOLOR
MATCHBOX,MATCHBOX
MATTEL,MATTEL
MECCANO,MECCANO
MEGABLOK,MEGABLOK
MICKEY,MICKEY
MINECRAFT,MINECRAFT
MINIONS,MINIONS
MINNIE,MINNIE
MIXIEQ,MIXIEQ
MONSTER TRUCK,MONSTER TRUCK
MONSTERJAM,MONSTERJAM
MOTU,MOTU
MY GARDEN BABY,MY GARDEN
NIKKO,NIKKO
NOVIE,NOVIE
OWLEEZ,OWLEEZ
PAW,PAW
PEEK A ROO,PEEK A
PICTIONARY,PICTIONARY
PIXAR OTHERS,PIXAR OTHERS
POCKET MORPHERS,POCKET MORPHERS
POCKET TITAN,POCKET TITAN
POLLY POCKET,POLLY POCKET
POMSIES,POMSIES
POP TOY,POP TOY
POSM,POSM
Q-PETS,Q-PETS
SANRIO,SANRIO
SCRABBLE,SCRABBLE
SHAZAM,SHAZAM
SHIMMERSHINE,SHIMMERSHINE
SILLYSCENTS,SILLYSCENTS
SLURPS,SLURPS
SUICIDESQUAD,SUICIDESQUAD
THOMAS,THOMAS
TOTALLY TINY,TOTALLY TINY
TROLLS,TROLLS
TURNGMECARD,TURNGMECARD
UNO,UNO
VIEWMASTER,VIEWMASTER
WASHABLESUP,WASHABLESUP
Wizarding World,Wizarding World
WWE,WWE
ZOOBLES,ZOOBLES
ZURUINC,ZURUINC
